Pertanyaan;Jawaban
Bagaimana cara membuat akun ?;Anda dapat membuat akun dengan memanfaatkan fitur “Daftar Akun”.
Bagaimana cara memulihkan sandi akun ?;Anda dapat menggunakan fitur “Pengaduan” untuk dibantu oleh Admin dalam memulihkan sandi akun.
Bagaimana jika ada duplikasi akun ?;Anda dapat melaporkan terkait duplikasi akun menggunakan fitur “Pengaduan”.
Bagaimana cara melihat informasi Pengaduan ?;Informasi pengaduan yang sudah Anda buat dapat dilihat menggunakan fitur “Pengaduan”.
Apa saja diklat yang diselenggarakan oleh Pusat Manajemen Pertahanan Kementerian pertahanan ?;Pada tahun 2023, Pusat Manajemen Pertahanan melaksanakan diklat sebagai Berikut:
Bagaimana cara mengetahui jadwal kegiatan diklat tahunan yang diselenggarakan Pusat Manajemen Pertahanan Kementerian Pertahanan ?;Anda dapat melihat jadwal kegiatan diklat tahunan pada menu “Daftar Program Diklat Tahunan”
Bagaimana cara mengetahui Jadwal kegiatan diklat mingguan yang diselenggarakan Pusat Manajemen Pertahanan Kementerian Pertahanan ?;Anda dapat melihat jadwal kegiatan diklat mingguan pada menu “Daftar Program Diklat Mingguan”
Dimana pelaksanaan diklat Pusat Manajemen Pertahanan Kementerian pertahanan dilaksanakan ?;Diklat Pusat Manajemen Pertahanan Kementerian Pertahanan akan dilaksanakan di Lokasi Pusat Manajemen Pertahanan Kementerian Pertahanan
Bagaimana cara melihat Jadwal Pengajaran ?;Anda dapat melihat jadwal kegiatan diklat mingguan pada menu “Daftar Program Diklat Mingguan”
Bagaimana cara mengakses bahan ajar ?;Anda dapat mengakses bahan ajar pada menu “Bahan Ajar”
Bagaimana cara mengakses bahan tayang ?;Anda dapat mengakses bahan ajar pada menu “Bahan Tayang”
Bagaimana cara melakukan absensi ?;Anda dapat melakukan absensi dengan memanfaatkan fitur “Absensi Siswa”
Bagaimana cara melihat Jadwal tes ?;Anda dapat melihat Jadwal tes pada menu “Jadwal Tes”
Bagaimana cara melihat daftar hasil penilaian tes ? ;Anda dapat melihat hasil penilaian tes pada menu “Hasil Tes”
Bagaimana cara melihat penilaian akademik siswa ?;Anda dapat melihat hasil penilaian akademik pada menu “Penilaian Akademik Siswa”
Bagaimana cara melihat penilaian evaluasi siswa ?;Anda dapat melihat penilaian evaluasi siswa pada menu “Penilaian Evaluasi Siswa”
Bagaimana cara meilihat penilaian akhir siswa ?;Anda dapat melihat penilaian akhir siswa pada menu “Penilaian Akhir Siswa”
Bagaimana cara melakukan penilaian terhadap penceramah, WI, Penyelenggara ?;Anda dapat melakukan penilaian terhadap penceramah, WI, Penyelenggara dengan menggunakan fitur “Penilaian Evaluasi Penceramah, WI, Penyelenggara”
Bagaimana cara melihat sertifikat kelulusan ?;Anda dapat melihat sertifikat kelulusan pada menu “Sertifikat Kelulusan”
Bagaimana jika sertifikat kelulusan tidak muncul ?;Anda dapat mengajukan pertanyaan dengan menggunakan fitur “Livechat”
Apa arti Lambang Pusdiklat Jemenhan;berdasarkan Keputusan Kabadiklat Dephan Nomor : Kep/61/XII/2003 tanggal 3 Desember 2003. motto pada lambang tersebut adalah “TATAWIDYA WICAKSANA ABHIPRAYA” yang memiliki arti bahwa Pusdiklat Jemenhan senantiasa berupaya menata/menyusun ilmu-ilmu manajemen untuk pertahanan dan akan diberikan kepada peserta didik, dengan harapan, agar menjadi orang bijak dalam melaksanakan tugas.
Kapan Hymne, Mars. Hymne dan Mars Pusdiklat Jemenhan diciptakan;Hymne dan Mars. Hymne dan Mars Pusdiklat Jemenhan disosialisasikan pada tahun 1986. Inspirator Hymne dan Mars tersebut adalah Marsma TNI Billy Tunas, M.Sc., diaransemen dan disyairkan oleh R. Abas Suhardjo.
Apa makna Hymne Pusdiklat Jemenhan ;Makna Hymne adalah mengajak kita semua untuk mengabdi, mengembangkan ilmu pengetahuan, meningkatkan profesionalisme pertahanan berdasarkan Pancasila dan UUD 1945.
Apa makna Mars Pusdiklat Jemenhan;Makna Mars adalah mengajak kita semua untuk mencintai kedamaian dan kemerdekaan, mengembangkan manajemen sumber daya pertahanan agar dikelola secara terpadu demi keutuhan NKRI.
